Project,Release
Conscrypt,conscrypt-1.0.0.RC11
Conscrypt,conscrypt-1.0.0.RC14
Conscrypt,conscrypt-1.0.0.RC2
Conscrypt,conscrypt-1.0.0.RC8
Conscrypt,conscrypt-1.0.1
Conscrypt,conscrypt-1.0.2
Conscrypt,conscrypt-1.1.1
Conscrypt,conscrypt-1.2.0
Conscrypt,conscrypt-1.4.2
Conscrypt,conscrypt-2.1.0
,
Java-smt,java-smt-0.1
Java-smt,java-smt-0.3 (2)
Java-smt,java-smt-0.5
Java-smt,java-smt-0.60
Java-smt,java-smt-1.0.1
Java-smt,java-smt-2.0.0
Java-smt,java-smt-2.0.0-alpha
Java-smt,java-smt-2.2.0
Java-smt,java-smt-3.0.0
Java-smt,java-smt-3.1.0
,
Javacpp,javacpp-0.5
Javacpp,javacpp-0.9
Javacpp,javacpp-1.1
Javacpp,javacpp-1.2
Javacpp,javacpp-1.2.1
Javacpp,javacpp-1.2.7
Javacpp,javacpp-1.3
Javacpp,javacpp-1.3.2
Javacpp,javacpp-1.4
Javacpp,javacpp-1.4.2
Javacpp,javacpp-1.4.4
Javacpp,javacpp-1.5
Javacpp,javacpp-1.5.1-1
,
Jni-bind,jni-bind-Release-0.8.0-alpha
Jni-bind,jni-bind-Release-0.9.1-alpha
Jni-bind,jni-bind-Release-0.9.3-alpha
Jni-bind,jni-bind-Release-0.9.6-alpha
Jni-bind,jni-bind-Release-0.9.7-alpha
Jni-bind,jni-bind-Release-0.9.8-alpha
Jni-bind,jni-bind-Release-0.9.9-alpha
Jni-bind,jni-bind-Release-1.0.0-beta
Jni-bind,jni-bind-Release-1.1.0-beta
Jni-bind,jni-bind-Release-1.1.2-beta
,
Jpype,jpype-v0.5.4.5
Jpype,jpype-v0.5.5.1
Jpype,jpype-v0.5.5.4
Jpype,jpype-v0.5.6
Jpype,jpype-v0.5.7
Jpype,jpype-v0.6.0
Jpype,jpype-v0.6.1
Jpype,jpype-v0.6.2
Jpype,jpype-v0.6.3
Jpype,jpype-v0.7
Jpype,jpype-v0.7.1
,
Monero-java,Monero-java-v0.8.10
Monero-java,Monero-java-v0.8.13
Monero-java,Monero-java-v0.8.17
Monero-java,Monero-java-v0.8.24
Monero-java,Monero-java-v0.8.31
Monero-java,Monero-java-v0.8.35
Monero-java,Monero-java-v0.8.36
Monero-java,Monero-java-v0.8.37
Monero-java,Monero-java-v0.8.38
Monero-java,Monero-java-v0.8.9
,
Pljava,pljava-1_2_0
Pljava,pljava-1_3_0
Pljava,pljava-1_4_0
Pljava,pljava-1_4_2
Pljava,pljava-1_5_stable-base
Pljava,pljava-V1_4_3
Pljava,pljava-V1_5_0
Pljava,pljava-V1_5_0b3
Pljava,pljava-V1_5_1b1
Pljava,pljava-V1_5_1b2
Pljava,pljava-V1_5_2
Pljava,pljava-V1_5_3
,
RcoksDB,rocksdb-v5.0.2
RcoksDB,rocksdb-v5.11.2
RcoksDB,rocksdb-v5.14.3
RcoksDB,rocksdb-v5.17.2
RcoksDB,rocksdb-v5.18.3
RcoksDB,rocksdb-v5.4.6
RcoksDB,rocksdb-v5.6.2
RcoksDB,rocksdb-v5.9.2
RcoksDB,rocksdb-v6.1.1
RcoksDB,rocksdb-v6.2.2
,
Realm-java,realm-java-v0.90.0
Realm-java,realm-java-v1.2.0
Realm-java,realm-java-v2.3.2
Realm-java,realm-java-v3.7.2
Realm-java,realm-java-v4.4.0
Realm-java,realm-java-v5.11.0
Realm-java,realm-java-v5.15.0
Realm-java,realm-java-v5.4.0
Realm-java,realm-java-v5.7.1
Realm-java,realm-java-v5.9.0
,
Sqlite,sqlite-3.42.0.1
Sqlite,sqlite-3.44.0.0
Sqlite,sqlite-3.45.0.0
Sqlite,sqlite-3.45.2.0
Sqlite,sqlite-3.46.0.0
Sqlite,sqlite-3.46.1.1
Sqlite,sqlite-3.47.0.0
Sqlite,sqlite-3.47.2.0
Sqlite,sqlite-3.49.0.0
Sqlite,sqlite-3.50.1.0
,
Vlc,vlc-2.5.4
Vlc,vlc-3.0.0
Vlc,vlc-3.0.11
Vlc,vlc-3.0.13
Vlc,vlc-3.0.92
Vlc,vlc-3.0.96
Vlc,vlc-3.1.0
Vlc,vlc-3.1.2
Vlc,vlc-3.1.6
Vlc,vlc-3.1.7
,
Webrtc,webrtc-v0.10.0
Webrtc,webrtc-v0.11.0
Webrtc,webrtc-v0.12.0
Webrtc,webrtc-v0.13.0
Webrtc,webrtc-v0.2.0
Webrtc,webrtc-v0.3.0
Webrtc,webrtc-v0.4.0
Webrtc,webrtc-v0.6.0
Webrtc,webrtc-v0.7.0
Webrtc,webrtc-v0.8.0
,
Wolfcrypt,wolfcrypt-v1.0.0-stable
Wolfcrypt,wolfcrypt-v1.1.0-stable
Wolfcrypt,wolfcrypt-v1.2.0-stable
Wolfcrypt,wolfcrypt-v1.3.0-stable
Wolfcrypt,wolfcrypt-v1.5.0-stable
Wolfcrypt,wolfcrypt-v1.6.0-stable
Wolfcrypt,wolfcrypt-v1.7.0-stable
,
Wolfssl,wolfssl-v1.11.0-stable
Wolfssl,wolfssl-v1.12.0-stable
Wolfssl,wolfssl-v1.12.2
Wolfssl,wolfssl-v1.13.0-stable
Wolfssl,wolfssl-v1.14.0-stable
Wolfssl,wolfssl-v1.4.0-stable
Wolfssl,wolfssl-v1.5.0-stable
Wolfssl,wolfssl-v1.6.0-stable
Wolfssl,wolfssl-v1.8.0-stable
Wolfssl,wolfssl-v1.9.0-stable
,
Zstd-jni,zstd-jni-v0.4.4
Zstd-jni,zstd-jni-v1.3.0-1
Zstd-jni,zstd-jni-v1.3.2-2
Zstd-jni,zstd-jni-v1.3.3-1
Zstd-jni,zstd-jni-v1.3.4-1
Zstd-jni,zstd-jni-v1.3.4-8
Zstd-jni,zstd-jni-v1.3.5-3
Zstd-jni,zstd-jni-v1.3.7-1
Zstd-jni,zstd-jni-v1.3.8-1
Zstd-jni,zstd-jni-v1.4.0-1
Zstd-jni,zstd-jni-v1.4.2-1
